{
    "model": "Logistic Regression",
    "threshold": 0.4,
    "accuracy": 0.8154761904761905,
    "precision": 0.7819148936170213,
    "recall": 0.875,
    "f1_score": 0.8258426966292135,
    "roc_auc": 0.8855938208616779,
    "pr_auc": 0.87933115909296,
    "confusion_matrix": {
        "tn": 127,
        "fp": 41,
        "fn": 21,
        "tp": 147
    }
}